Suplr_NPI,Suplr_Prvdr_Last_Name_Org,Suplr_Prvdr_Spclty_Desc,Suplr_Prvdr_State_Abrvtn,year,Tot_Suplr_Benes,Tot_Suplr_Clms,Tot_Suplr_Srvcs,Suplr_Sbmtd_Chrgs,Suplr_Mdcr_Alowd_Amt,Suplr_Mdcr_Pymt_Amt,Suplr_Mdcr_Stdzd_Pymt_Amt,has_existing_fraud_case,topics,url,avg_charge_per_claim,avg_payment_per_claim,avg_services_per_claim,payment_to_charge_ratio,yoy_growth_claims,yoy_growth_charges,yoy_growth_payments,yoy_growth_beneficiaries
1023784642,Apria Healthcare Llc,Medical Supply Company with Respiratory Therapist,VA,2021,768.0,2381,10333,1430941.72,249291.52,199008.45,218298.78,True,,,600.9835027299454,83.58187736245276,4.339773204535909,0.13907516093667324,,,,
1023784642,Apria Healthcare Llc,Medical Supply Company with Respiratory Therapist,VA,2022,887.0,4819,12830,3022996.83,454023.98,343894.29,380252.93,True,,,627.3079124299647,71.36216849968872,2.6623780867399875,0.11375939484528007,102.3939521209576,111.25925589757773,72.803863353541,15.494791666666666
1063045409,"Your Medical Supply Co, Llc",Other Medical Supply Company,MS,2020,660.0,1055,2694,1856026.14,1477867.03,1173563.81,1146396.67,True,"[""Health Care Fraud""]",https://www.justice.gov/usao-sdfl/pr/national-health-care-fraud-enforcement-action-results-193-defendants-charged-and-over,1759.2664834123223,1112.3827582938388,2.553554502369668,0.6322991819500992,,,,
1073935862,"All American Medical Supplies, Llc",Other Medical Supply Company,FL,2018,688.0,688,5496,324129.0,277676.04,216825.97,216819.63,True,,,471.11773255813955,315.1540261627907,7.988372093023256,0.6689496157394124,,,,
1073935862,"All American Medical Supplies, Llc",Other Medical Supply Company,FL,2019,46343.0,74762,562870,19982169.52,3329475.0,2573003.31,2509313.11,True,,,267.27708622027234,34.41592399882293,7.528824804044835,0.12876496255447642,10766.56976744186,6064.881735358453,1086.66749651806,6635.901162790698
1073935862,"All American Medical Supplies, Llc",Other Medical Supply Company,FL,2020,5420.0,5420,42243,1456618.0,227383.47,176811.72,172484.21,True,,,268.74870848708485,32.62208856088561,7.7939114391143915,0.12138509890719461,-92.7503277065889,-92.71041115659597,-93.12819694740307,-88.30459832121356
1083631568,K Va T Food Stores Inc,Mass Immunizer Roster Biller,TN,2018,40.0,161,2677,31001.22,5577.33,4198.33,4359.47,True,"[""False Claims Act"",""Health Care Fraud""]",https://www.justice.gov/opa/pr/food-city-agrees-pay-over-8m-settle-false-claims-act-allegations-related-opioid-dispensing,192.55416149068324,26.076583850931677,16.627329192546583,0.1354246703839397,,,,
1083631568,K -Va -T Food Stores Inc,Mass Immunizer Roster Biller,TN,2019,31.0,133,2474,24064.64,3216.27,2455.19,2488.92,True,"[""False Claims Act"",""Health Care Fraud""]",https://www.justice.gov/opa/pr/food-city-agrees-pay-over-8m-settle-false-claims-act-allegations-related-opioid-dispensing,180.93714285714285,18.460075187969924,18.601503759398497,0.10202479654796416,-17.391304347826086,-22.37518394437381,-41.519842413531094,-22.5
1083631568,K -Va -T Food Stores Inc,Mass Immunizer Roster Biller,TN,2020,21.0,80,18077,19918.75,5322.65,4171.73,4137.05,True,"[""False Claims Act"",""Health Care Fraud""]",https://www.justice.gov/opa/pr/food-city-agrees-pay-over-8m-settle-false-claims-act-allegations-related-opioid-dispensing,248.984375,52.14662499999999,225.9625,0.20943733919046123,-39.849624060150376,-17.22814054147496,69.91475201511898,-32.25806451612903
1083631568,K -Va -T Food Stores Inc,Mass Immunizer Roster Biller,TN,2021,19.0,76,17941,16017.84,4595.06,3463.64,3394.26,True,"[""False Claims Act"",""Health Care Fraud""]",https://www.justice.gov/opa/pr/food-city-agrees-pay-over-8m-settle-false-claims-act-allegations-related-opioid-dispensing,210.76105263157896,45.57421052631579,236.06578947368422,0.21623639641799391,-5.0,-19.584110448697835,-16.97353376177269,-9.523809523809524
1083631568,K -Va -T Food Stores Inc,Mass Immunizer Roster Biller,TN,2022,11.0,36,874,6552.81,891.39,635.89,662.24,True,"[""False Claims Act"",""Health Care Fraud""]",https://www.justice.gov/opa/pr/food-city-agrees-pay-over-8m-settle-false-claims-act-allegations-related-opioid-dispensing,182.0225,17.66361111111111,24.27777777777778,0.09704081149918889,-52.63157894736842,-59.09055153503843,-81.64099040315969,-42.10526315789473
1114453289,Comfort Medical Supply Llc,Other Medical Supply Company,NC,2018,10769.0,20960,28882,21255883.85,19092802.48,14723374.54,14617438.88,True,,,1014.1165958969466,702.4510753816794,1.3779580152671755,0.6926728920754804,,,,
1114453289,Comfort Medical Supply Llc,Other Medical Supply Company,NC,2019,3205.0,5874,7726,5928530.8,5400524.61,4046780.1,4041095.1,True,,,1009.2834184542049,688.9308988764045,1.3152877085461354,0.6825940922833698,-71.97519083969466,-72.10875425441318,-72.5145883574052,-70.23864797102794
1124392147,Walgreen Co,Centralized Flu,CA,2018,77.0,254,3544,72745.06,16192.8,12020.95,12111.28,True,"[""Health Care Fraud""]",https://www.justice.gov/usao-edca/pr/walgreen-co-pays-986m-settle-allegations-improper-medi-cal-billings,286.397874015748,47.32657480314961,13.952755905511811,0.16524764705672113,,,,
1124392147,Walgreen Co,Centralized Flu,CA,2019,88.0,291,4178,75878.52,16427.59,12425.22,12497.09,True,"[""Health Care Fraud""]",https://www.justice.gov/usao-edca/pr/walgreen-co-pays-986m-settle-allegations-improper-medi-cal-billings,260.7509278350516,42.698350515463915,14.357388316151203,0.1637514806561857,14.566929133858267,4.307454004436874,3.363045349993125,14.285714285714285
1124392147,Walgreen Co,Centralized Flu,CA,2020,90.0,287,3293,68299.05,16577.15,12430.85,12387.58,True,"[""Health Care Fraud""]",https://www.justice.gov/usao-edca/pr/walgreen-co-pays-986m-settle-allegations-improper-medi-cal-billings,237.97578397212544,43.313066202090596,11.473867595818815,0.18200619188700282,-1.3745704467353952,-9.988953395506398,0.045311068938827796,2.272727272727273
1124392147,Walgreen Co,Centralized Flu,CA,2021,83.0,243,7370,62427.19,18201.12,13838.3,13611.29,True,"[""Health Care Fraud""]",https://www.justice.gov/usao-edca/pr/walgreen-co-pays-986m-settle-allegations-improper-medi-cal-billings,256.9020164609054,56.9477366255144,30.329218106995885,0.221671037892303,-15.33101045296167,-8.597279171525813,11.322234601817243,-7.777777777777778
1124392147,Walgreen Co,Centralized Flu,CA,2022,66.0,194,1464,41500.77,9843.18,7126.26,7191.73,True,"[""Health Care Fraud""]",https://www.justice.gov/usao-edca/pr/walgreen-co-pays-986m-settle-allegations-improper-medi-cal-billings,213.9214948453608,36.733298969072166,7.546391752577319,0.17171392241637928,-20.16460905349794,-33.52132300044261,-48.503356626175176,-20.481927710843372
1134608292,"Liberty Medical Dme, Llc",Other Medical Supply Company,GA,2019,50.0,54,131,83639.27,73643.64,57446.64,55408.55,True,"[""Health Care Fraud""]",https://www.justice.gov/usao-ndga/pr/florida-business-owners-sentenced-durable-medical-equipment-bribery-scheme,1548.8753703703705,1063.8266666666666,2.425925925925926,0.6868381323748999,,,,
1134608292,"Liberty Medical Dme, Llc",Other Medical Supply Company,GA,2020,713.0,836,2586,1571978.67,1520889.84,1210798.62,1182345.39,True,"[""Health Care Fraud""]",https://www.justice.gov/usao-ndga/pr/florida-business-owners-sentenced-durable-medical-equipment-bribery-scheme,1880.35726076555,1448.3237081339714,3.0933014354066986,0.7702385809089891,1448.148148148148,1779.4744023949513,2007.6926692318302,1326.0
1134608292,"Liberty Medical Dme, Llc",Other Medical Supply Company,GA,2021,11.0,15,39,18495.42,15940.92,11055.24,11160.84,True,"[""Health Care Fraud""]",https://www.justice.gov/usao-ndga/pr/florida-business-owners-sentenced-durable-medical-equipment-bribery-scheme,1233.0279999999998,737.016,2.6,0.5977285187359899,-98.20574162679426,-98.8234306003656,-99.0869464320995,-98.45722300140253
1215347067,Regional Home Care Inc,Medical Supply Company with Respiratory Therapist,ME,2018,84.0,203,1012,94190.02,24989.33,13021.3,11045.54,True,,,463.99024630541874,64.14433497536946,4.985221674876847,0.13824500727359437,,,,
1215347067,Regional Home Care Inc,Medical Supply Company with Respiratory Therapist,ME,2019,19.0,48,201,24167.48,6428.08,2356.38,1913.36,True,,,503.4891666666667,49.09125,4.1875,0.09750209786043064,-76.35467980295566,-74.34178270691524,-81.9036501731778,-77.38095238095238
1265033591,"Acqualina Health Medical Solutions, Inc.",Other Medical Supply Company,FL,2021,12.0,19,580,41005.6,25431.95,20135.17,19344.75,True,"[""Health Care Fraud""]",https://www.justice.gov/usao-sdfl/pr/national-health-care-fraud-enforcement-action-results-193-defendants-charged-and-over,2158.1894736842105,1059.7457894736842,30.526315789473685,0.49103463917123513,,,,
1265033591,"Acqualina Health Medical Solutions, Inc.",Other Medical Supply Company,FL,2022,202.0,202,44919,1149928.3,1125887.62,892554.13,899707.83,True,"[""Health Care Fraud""]",https://www.justice.gov/usao-sdfl/pr/national-health-care-fraud-enforcement-action-results-193-defendants-charged-and-over,5692.714356435644,4418.584801980198,222.37128712871288,0.7761824193734513,963.1578947368421,2704.3201416391908,4332.811493521038,1583.3333333333335
1265922819,Expedited Medical Supplies Corp,Individual Certified Orthotist,FL,2019,869.0,882,1680,7439195.0,7000760.68,5485380.42,5658017.33,True,"[""Health Care Fraud""]",https://www.justice.gov/opa/pr/woman-pleads-guilty-laundering-more-700000,8434.461451247165,6219.252176870748,1.9047619047619047,0.7373620963020865,,,,
1306890876,"Southern Respiratory, Inc",Other Medical Supply Company,FL,2018,2905.0,16314,56904,3998379.13,1571412.27,1182249.1,1118394.61,True,"[""Health Care Fraud""]",https://www.justice.gov/usao-sdga/pr/thomson-business-owner-convicted-medicare-fraud,245.08882738751993,72.46837685423563,3.4880470761309303,0.29568209055753053,,,,
1306890876,"Southern Respiratory, Inc",Other Medical Supply Company,FL,2019,1530.0,12412,21402,2154539.59,874269.22,656180.91,616565.34,True,"[""Health Care Fraud""]",https://www.justice.gov/usao-sdga/pr/thomson-business-owner-convicted-medicare-fraud,173.5852070576861,52.866654044473094,1.7242990654205608,0.30455736949349815,-23.918107147235503,-46.114674973305995,-44.497237511113354,-47.332185886402755
1306890876,"Southern Respiratory, Inc",Other Medical Supply Company,FL,2020,884.0,7048,17677,1306651.42,582510.26,436655.13,503490.85,True,"[""Health Care Fraud""]",https://www.justice.gov/usao-sdga/pr/thomson-business-owner-convicted-medicare-fraud,185.39322077185017,61.954473609534624,2.508087400681044,0.33417874370809625,-43.216242346116665,-39.353566485171896,-33.45506957829664,-42.22222222222222
1306890876,"Southern Respiratory, Inc",Other Medical Supply Company,FL,2021,802.0,5057,14211,943380.81,454927.31,338186.82,407147.14,True,"[""Health Care Fraud""]",https://www.justice.gov/usao-sdga/pr/thomson-business-owner-convicted-medicare-fraud,186.54949772592448,66.87498912398655,2.8101641289301957,0.3584838873285964,-28.249148694665156,-27.80164659370285,-22.550590439645127,-9.276018099547512
1306890876,"Southern Respiratory, Inc",Other Medical Supply Company,FL,2022,774.0,4903,14480,937777.69,487616.95,366210.7,443776.29,True,"[""Health Care Fraud""]",https://www.justice.gov/usao-sdga/pr/thomson-business-owner-convicted-medicare-fraud,191.2661003467265,74.69114827656537,2.9532939016928412,0.3905090768367501,-3.0452837650781097,-0.5939404258180863,8.286508622660103,-3.4912718204488775
1316423015,"Ortho-Med Solution, Inc",Medical Supply Company with Orthotist,FL,2018,184.0,185,310,1188624.0,1049432.37,822127.75,825896.25,True,"[""Health Care Fraud""]",https://www.justice.gov/opa/pr/woman-pleads-guilty-laundering-more-700000,6424.994594594595,4443.933783783784,1.6756756756756757,0.6916634276272395,,,,
1316423015,"Ortho-Med Solution, Inc",Medical Supply Company with Orthotist,FL,2019,883.0,893,1684,7799608.0,7161348.01,5568373.29,5621377.71,True,"[""Health Care Fraud""]",https://www.justice.gov/opa/pr/woman-pleads-guilty-laundering-more-700000,8734.163493840986,6235.58039193729,1.8857782754759238,0.7139298910919626,382.7027027027027,556.1879955309669,577.3124116051307,379.89130434782606
1326371634,"A To Z Pharmacy, Inc,",Pharmacy,NY,2018,122.0,833,24210,249576.05,36068.12,27010.26,27308.5,True,"[""Health Care Fraud""]",https://www.justice.gov/opa/pr/owner-florida-pharmacy-sentenced-15-years-prison-100-million-compounding-pharmacy-fraud,299.6111044417767,32.42528211284514,29.063625450180073,0.10822456722109353,,,,
1326371634,"A To Z Pharmacy, Inc,",Pharmacy,NY,2019,115.0,874,27354,219571.68,39812.16,30003.91,30335.23,True,"[""Health Care Fraud""]",https://www.justice.gov/opa/pr/owner-florida-pharmacy-sentenced-15-years-prison-100-million-compounding-pharmacy-fraud,251.2261784897025,34.32941647597254,31.297482837528605,0.13664744925210756,4.921968787515006,-12.022135136764925,11.083380907847616,-5.737704918032787
1326371634,"A To Z Pharmacy, Inc,",Pharmacy,NY,2020,111.0,750,23595,222220.28,31096.51,23517.12,23801.75,True,"[""Health Care Fraud""]",https://www.justice.gov/opa/pr/owner-florida-pharmacy-sentenced-15-years-prison-100-million-compounding-pharmacy-fraud,296.29370666666665,31.35616,31.46,0.10582796493641354,-14.187643020594965,1.20625756472784,-21.619815550706562,-3.4782608695652173
1326371634,"A To Z Pharmacy, Inc,",Pharmacy,NY,2021,109.0,712,24724,137213.53,27791.95,20942.61,21088.58,True,"[""Health Care Fraud""]",https://www.justice.gov/opa/pr/owner-florida-pharmacy-sentenced-15-years-prison-100-million-compounding-pharmacy-fraud,192.7156320224719,29.413778089887643,34.7247191011236,0.1526278786064319,-5.066666666666666,-38.25337183446983,-10.947386414663015,-1.8018018018018018
1326371634,"A To Z Pharmacy, Inc,",Mass Immunizer Roster Biller,NY,2022,111.0,717,17759,122914.4,31413.82,23118.46,23624.87,True,"[""Health Care Fraud""]",https://www.justice.gov/opa/pr/owner-florida-pharmacy-sentenced-15-years-prison-100-million-compounding-pharmacy-fraud,171.42873082287306,32.24331938633194,24.76847977684798,0.18808585487135762,0.7022471910112359,-10.421078737643441,10.389583724282687,1.834862385321101
1326572405,Central Dme Inc,Other Medical Supply Company,FL,2018,3072.0,3151,8862,5769367.87,5506480.85,4280177.56,4227904.98,True,,,1830.964097112028,1358.3553030783876,2.8124404950809265,0.7418798136025255,,,,
1326572405,Central Dme Inc,Other Medical Supply Company,FL,2019,32.0,36,82,53722.06,51786.32,36974.57,36081.7,True,,,1492.2794444444444,1027.0713888888888,2.2777777777777777,0.6882567422023653,-98.85750555379245,-99.0688397548829,-99.13614401548332,-98.95833333333334
1336187475,"San Bernardino Medical Orthopedic Group, Inc",Orthopedic Surgery,CA,2018,310.0,332,365,113910.0,45516.26,34698.56,32049.44,True,"[""Health Care Fraud""]",https://www.justice.gov/usao-edca/pr/orthopedic-clinics-pay-239-million-settle-allegations-billing-federal-health-care,343.1024096385542,104.51373493975903,1.0993975903614457,0.3046138179264331,,,,
1336187475,San Bdno Medical Orthopaedic Group Inc,Orthopedic Surgery,CA,2019,355.0,369,407,132629.0,52965.14,39868.44,36896.64,True,"[""Health Care Fraud""]",https://www.justice.gov/usao-edca/pr/orthopedic-clinics-pay-239-million-settle-allegations-billing-federal-health-care,359.42818428184285,108.04455284552846,1.102981029810298,0.3006012259762194,11.144578313253012,16.43314897726275,14.899407929320423,14.516129032258066
1336187475,San Bdno Medical Orthopaedic Group Inc,Orthopedic Surgery,CA,2020,305.0,318,340,123239.0,49145.69,37636.82,34664.39,True,"[""Health Care Fraud""]",https://www.justice.gov/usao-edca/pr/orthopedic-clinics-pay-239-million-settle-allegations-billing-federal-health-care,387.5440251572327,118.35477987421383,1.069182389937107,0.30539699283506033,-13.821138211382115,-7.0798995694757565,-5.5974600460916015,-14.084507042253522
1336187475,San Bdno Medical Orthopaedic Group Inc,Orthopedic Surgery,CA,2021,285.0,297,328,123217.06,49187.57,37840.14,34920.73,True,"[""Health Care Fraud""]",https://www.justice.gov/usao-edca/pr/orthopedic-clinics-pay-239-million-settle-allegations-billing-federal-health-care,414.8722558922559,127.40787878787879,1.1043771043771045,0.3071014679298467,-6.60377358490566,-0.0178028059299429,0.540215671780984,-6.557377049180328
1336187475,San Bdno Medical Orthopaedic Group Inc,Orthopedic Surgery,CA,2022,306.0,313,340,111258.0,46825.12,36373.59,33626.41,True,"[""Health Care Fraud""]",https://www.justice.gov/usao-edca/pr/orthopedic-clinics-pay-239-million-settle-allegations-billing-federal-health-care,355.45686900958464,116.20955271565494,1.0862619808306708,0.32693010839669956,5.387205387205387,-9.705685235469828,-3.8756463374607044,7.368421052631578
1437792058,Regional Home Care Inc,Medical Supply Company with Respiratory Therapist,VT,2020,23.0,66,155,31613.86,13870.25,11071.99,8715.15,True,,,478.9978787878788,167.75742424242424,2.3484848484848486,0.3502258186757327,,,,
1437792058,Regional Home Care Inc,Medical Supply Company with Respiratory Therapist,VT,2021,37.0,315,365,77034.32,25368.07,18369.83,14652.42,True,,,244.55339682539685,58.31692063492064,1.1587301587301588,0.23846293444272632,377.2727272727273,143.67261701038723,65.91263178525271,60.86956521739131
1437792058,Regional Home Care Inc,Medical Supply Company with Respiratory Therapist,VT,2022,51.0,185,318,68715.2,28796.78,21714.36,17730.6,True,,,371.4335135135135,117.37491891891892,1.718918918918919,0.3160051924465039,-41.269841269841265,-10.799238573145074,18.206646441474955,37.83783783783784
1447997150,Kga Medical Supply Llc,Other Medical Supply Company,FL,2022,467.0,1839,1847,1093121.9,911631.79,711370.44,692782.9,True,"[""Opioids"",""Prescription Drugs"",""Health Care Fraud""]",https://www.justice.gov/usao-mdfl/pr/nine-individuals-charged-middle-district-florida-connection-health-care-fraud-schemes,594.4110386079391,386.82460032626426,1.0043501903208265,0.650769543634612,,,,
1457863326,Pipeline Medical Equipment Inc,Other Medical Supply Company,FL,2018,324.0,550,782,594508.41,407169.23,318550.11,298180.74,True,,,1080.924381818182,579.1820181818182,1.4218181818181819,0.535821032371939,,,,
1457863326,Pipeline Medical Equipment Inc,Other Medical Supply Company,FL,2019,1752.0,2840,4093,2932336.67,2120674.04,1628750.96,1563646.65,True,,,1032.512911971831,573.5038591549296,1.4411971830985915,0.5554447334316492,416.3636363636364,393.2372058454143,411.30133340716793,440.74074074074076
1457863326,Pipeline Medical Equipment Inc,Other Medical Supply Company,FL,2020,200.0,399,605,402451.7,333664.09,263414.78,250457.72,True,,,1008.6508771929825,660.187418546366,1.5162907268170427,0.6545252014092623,-85.95070422535211,-86.27539245007634,-83.82719111336702,-88.58447488584474
1467672592,"Comprehensive Pain And Headache Treatment Centers, Llc",Pain Management,CT,2018,18.0,19,19,22200.0,16467.55,12767.15,12901.67,True,"[""Health Care Fraud""]",https://www.justice.gov/usao-ct/pr/connecticut-pain-management-doctor-and-his-practice-pay-over-425k-settle-improper-billing,1168.421052631579,671.9552631578947,1.0,0.5750968468468468,,,,
1467974428,Alpine Medical,Other Medical Supply Company,WY,2018,266.0,1108,1896,423244.94,137266.94,106237.56,68333.52,True,,,381.9900180505415,95.88227436823105,1.711191335740072,0.25100727725179656,,,,
1467974428,Alpine Medical,Other Medical Supply Company,WY,2019,441.0,3230,5863,931686.9,372797.3,279278.68,157426.38,True,,,288.4479566563468,86.46398761609908,1.8151702786377708,0.29975593732186206,191.5162454873646,120.12948341449754,162.88130111421987,65.78947368421053
1467974428,Alpine Medical,Other Medical Supply Company,WY,2020,407.0,2560,5605,763917.26,313442.96,231415.57,168202.7,True,,,298.4051796875,90.39670703125,2.189453125,0.30293276787593465,-20.743034055727556,-18.007083710203503,-17.13811809766502,-7.709750566893423
1467974428,Alpine Medical,Other Medical Supply Company,WY,2021,399.0,1942,6071,636905.92,291068.83,221959.13,171203.71,True,,,327.96391349124616,114.29409371781668,3.12615859938208,0.34849594426756153,-24.140625,-16.626321546917264,-4.08634561624354,-1.9656019656019657
1467974428,Alpine Medical,Other Medical Supply Company,WY,2022,406.0,2166,7934,713501.8,377305.1,281312.39,220722.23,True,,,329.4098799630656,129.87644967682365,3.662973222530009,0.3942700494939186,11.53450051493306,12.026247141807065,26.740625627790127,1.7543859649122806
1568041010,Myers Professional Services Inc,Other Medical Supply Company,FL,2021,289.0,879,4187,2010425.0,1986265.57,1588381.59,1552592.66,True,"[""Health Care Fraud""]",https://www.justice.gov/usao-sdfl/pr/miami-man-who-used-durable-medical-equipment-company-front-health-care-fraud-sentenced,2287.172923777019,1807.0325255972698,4.763367463026166,0.7900725418754742,,,,
1568449551,"Durable Medical Supply, Inc.",Other Medical Supply Company,GA,2018,2666.0,5037,9912,3352188.15,2833788.05,2177930.81,2135109.35,True,"[""Health Care Fraud""]",https://www.justice.gov/usao-ndga/pr/operator-durable-medical-equipment-companies-sentenced-healthcare-kickback-scheme,665.5128350208457,432.3865018860433,1.9678379988088148,0.6497042267749799,,,,
1568449551,"Durable Medical Supply, Inc.",Other Medical Supply Company,GA,2019,909.0,1525,2167,690533.65,538618.35,408855.48,413411.64,True,"[""Health Care Fraud""]",https://www.justice.gov/usao-ndga/pr/operator-durable-medical-equipment-companies-sentenced-healthcare-kickback-scheme,452.80895081967213,268.10195409836064,1.420983606557377,0.5920862509741559,-69.72404208854476,-79.40051038006325,-81.2273430302407,-65.9039759939985
1578052627,"Absolute Comfort Medical, Inc.",Other Medical Supply Company,FL,2018,1064.0,2282,4100,2838656.59,2417869.63,1887589.06,1846320.93,True,,,1243.9336503067484,827.1643558282209,1.796669588080631,0.6649585816930396,,,,
1578052627,"Absolute Comfort Medical, Inc.",Other Medical Supply Company,FL,2019,5192.0,11382,19157,13584499.85,11609158.25,8797983.2,8570453.05,True,,,1193.5072790370762,772.9733965911087,1.6830961166754526,0.6476486655487724,398.7730061349693,378.5538306343706,366.0963228935009,387.96992481203006
1578293015,Prnx Medical Supply Corp,Other Medical Supply Company,FL,2022,475.0,475,96720,2548971.0,2464740.6,1930989.42,2010125.04,True,"[""Health Care Fraud""]",https://www.justice.gov/usao-sdfl/pr/national-health-care-fraud-enforcement-action-results-193-defendants-charged-and-over,5366.254736842106,4065.240884210526,203.62105263157895,0.7575564492495207,,,,
1619494564,Timely Medical Services Corp,Other Medical Supply Company,FL,2018,347.0,401,500,875737.0,845707.9,660611.67,752227.55,True,"[""Health Care Fraud""]",https://www.justice.gov/opa/pr/woman-pleads-guilty-laundering-more-700000,2183.882793017456,1647.4106483790524,1.2468827930174564,0.7543493880011922,,,,
1639518038,"Creative Care Pharmacy, Llc",Mass Immunizer Roster Biller,OK,2018,,30,2449,7187.59,1476.5,1087.41,1087.41,True,"[""Opioids"",""Prescription Drugs"",""Health Care Fraud""]",https://www.justice.gov/opa/pr/charges-filed-against-dozens-trafficking-network-responsible-diverting-over-23-million,239.58633333333333,36.247,81.63333333333334,0.15128993167389904,,,,
1639518038,"Creative Care Pharmacy, Llc",Mass Immunizer Roster Biller,OK,2020,,22,1844,9926.69,1774.54,1353.95,1331.26,True,"[""Opioids"",""Prescription Drugs"",""Health Care Fraud""]",https://www.justice.gov/opa/pr/charges-filed-against-dozens-trafficking-network-responsible-diverting-over-23-million,451.21318181818185,61.54318181818182,83.81818181818181,0.13639491109322444,-26.666666666666668,38.10874020360093,24.51145382146568,
1639518038,"Creative Care Pharmacy, Llc",Mass Immunizer Roster Biller,OK,2021,,14,1271,10025.21,1374.21,1084.63,1062.91,True,"[""Opioids"",""Prescription Drugs"",""Health Care Fraud""]",https://www.justice.gov/opa/pr/charges-filed-against-dozens-trafficking-network-responsible-diverting-over-23-million,716.0864285714285,77.47357142857143,90.78571428571429,0.10819025237376576,-36.36363636363637,0.9924758403858548,-19.89142878245134,
1649894700,Gold Medical Supply Inc,Other Medical Supply Company,FL,2020,63.0,69,90,237750.0,148012.4,118410.16,109609.22,True,"[""Health Care Fraud""]",https://www.justice.gov/usao-sdfl/pr/national-health-care-fraud-enforcement-action-results-193-defendants-charged-and-over,3445.6521739130435,1716.0892753623189,1.3043478260869565,0.49804483701366986,,,,
1780329839,Fcm Supply Llc,Other Medical Supply Company,FL,2022,29.0,29,4735,153099.94,153099.94,120030.36,126454.61,True,"[""Health Care Fraud""]",https://www.justice.gov/usao-sdfl/pr/us-attorney-announces-participation-coordinated-national-health-care-fraud-enforcement,5279.308275862069,4138.977931034483,163.27586206896552,0.7840000459830356,,,,
1801024435,"Devotion Medical Supply, Inc.",Other Medical Supply Company,GA,2018,1019.0,1314,2516,1414080.49,1291660.83,961728.04,931813.53,True,"[""Health Care Fraud""]",https://www.justice.gov/usao-ndga/pr/operator-durable-medical-equipment-companies-sentenced-healthcare-kickback-scheme,1076.1647564687976,731.908706240487,1.9147640791476408,0.6801084144792918,,,,
1821615071,South Shore Medical Supplies Llc,Other Medical Supply Company,FL,2020,1125.0,1820,4021,2307400.0,1974105.77,1571828.14,1543862.56,True,,,1267.8021978021977,863.6418351648351,2.2093406593406595,0.6812118141631273,,,,
1821615071,South Shore Medical Supplies Llc,Other Medical Supply Company,FL,2021,2553.0,5773,6238,5069172.87,3077383.58,2383284.91,2368858.84,True,,,878.082949939373,412.83300017322017,1.0805473757145332,0.4701526207765726,217.1978021978022,119.69198535147787,51.6250313472566,126.93333333333334
1831652734,Limitless Medical Supplies Llc,Other Medical Supply Company,FL,2019,42.0,46,115,90280.0,71929.17,56267.81,54478.09,True,"[""Health Care Fraud""]",https://www.justice.gov/usao-sdfl/pr/national-health-care-fraud-enforcement-action-results-193-defendants-charged-and-over,1962.608695652174,1223.2132608695651,2.5,0.6232588613203367,,,,
1831652734,Limitless Medical Supplies Llc,Other Medical Supply Company,FL,2020,537.0,604,1753,1240650.0,1016597.16,791508.52,771995.17,True,"[""Health Care Fraud""]",https://www.justice.gov/usao-sdfl/pr/national-health-care-fraud-enforcement-action-results-193-defendants-charged-and-over,2054.0562913907283,1310.4445695364238,2.902317880794702,0.6379788981582235,1213.0434782608695,1274.224634470536,1306.680871354332,1178.5714285714287
1841479573,"Advanced Bionics, Llc.",Pharmacy,CA,2018,136.0,136,136,50024.96,50024.96,38259.68,50982.24,True,"[""False Claims Act"",""Health Care Fraud""]",https://www.justice.gov/opa/pr/advanced-bionics-llc-pay-over-12-million-alleged-false-claims-cochlear-implant-processors,367.8305882352941,281.3211764705882,1.0,0.7648118059464716,,,,
1841479573,"Advanced Bionics, Llc.",Pharmacy,CA,2019,79.0,80,80,30339.0,30339.0,22526.1,29928.0,True,"[""False Claims Act"",""Health Care Fraud""]",https://www.justice.gov/opa/pr/advanced-bionics-llc-pay-over-12-million-alleged-false-claims-cochlear-implant-processors,379.2375,281.57624999999996,1.0,0.7424799762681696,-41.17647058823529,-39.352275344148204,-41.123135373845265,-41.911764705882355
1841725314,Medihealth Medical Solutions Llc,Other Medical Supply Company,MS,2018,49.0,58,164,82751.02,80957.67,63132.12,57869.69,True,"[""Health Care Fraud""]",https://www.justice.gov/usao-ndga/pr/florida-business-owners-sentenced-durable-medical-equipment-bribery-scheme,1426.7417241379312,1088.4848275862068,2.8275862068965516,0.762916517524497,,,,
1841725314,Medihealth Medical Solutions Llc,Other Medical Supply Company,MS,2019,405.0,406,818,534383.5,502421.21,389152.69,378097.61,True,"[""Health Care Fraud""]",https://www.justice.gov/usao-ndga/pr/florida-business-owners-sentenced-durable-medical-equipment-bribery-scheme,1316.2155172413793,958.5041625615763,2.0147783251231526,0.7282273685471202,600.0,545.7727046748184,516.4099827472925,726.530612244898
1841725314,Medihealth Medical Solutions Llc,Other Medical Supply Company,MS,2020,1470.0,1657,5482,3215059.22,3138990.77,2495387.08,2435813.69,True,"[""Health Care Fraud""]",https://www.justice.gov/usao-ndga/pr/florida-business-owners-sentenced-durable-medical-equipment-bribery-scheme,1940.2892094146048,1505.966855763428,3.308388654194327,0.7761558681335892,308.128078817734,501.6389390765247,541.2359837471507,262.962962962963
1841725314,Medihealth Medical Solutions Llc,Other Medical Supply Company,MS,2021,145.0,178,617,305547.86,276082.79,202421.27,189800.25,True,"[""Health Care Fraud""]",https://www.justice.gov/usao-ndga/pr/florida-business-owners-sentenced-durable-medical-equipment-bribery-scheme,1716.561011235955,1137.1981460674156,3.466292134831461,0.662486295927584,-89.25769462884732,-90.49635359438263,-91.8881815321413,-90.1360544217687
1861930166,Key Medical Llc,Other Medical Supply Company,FL,2018,5218.0,5381,13323,8618967.02,8247349.27,6360621.08,6261063.5,True,,,1601.7407582233784,1182.0518639658055,2.4759338412934397,0.737979512537919,,,,
1861930166,Key Medical Llc,Other Medical Supply Company,FL,2019,546.0,767,1299,996257.7,891707.07,685026.09,683818.88,True,,,1298.9018252933506,893.1239765319426,1.6936114732724903,0.687599292833571,-85.74614383943505,-88.4411009151303,-89.23020124317797,-89.536220774243
1861930166,Key Medical Llc,Other Medical Supply Company,FL,2020,1613.0,3349,14878,3387152.58,2681404.27,2134983.84,2093303.69,True,,,1011.3922305165721,637.4989071364586,4.44252015527023,0.6303181771634273,336.6362451108214,239.9875935714223,211.66460243871882,195.4212454212454
1861930166,Key Medical Llc,Other Medical Supply Company,FL,2021,3546.0,7005,34544,7123982.59,4936558.56,3829317.18,3686845.83,True,,,1016.985380442541,546.6548436830835,4.931334760885082,0.5375247807841709,109.16691549716333,110.32363974580677,79.36047609615633,119.83880967141971
1861938086,"Modern Medical Equipment, Inc.",Other Medical Supply Company,FL,2018,4336.0,5577,6643,6423499.0,5586743.95,4327929.26,4134857.54,True,,,1151.7839340147032,776.0317841133225,1.191142191142191,0.6737650710306018,,,,
1861938086,"Modern Medical Equipment, Inc.",Other Medical Supply Company,FL,2019,1811.0,2439,3226,2768842.0,2476969.82,1869659.04,1806521.41,True,,,1135.2365723657238,766.5678720787208,1.3226732267322674,0.6752494508534614,-56.26681011296396,-56.895112772649306,-56.80014788411768,-58.23339483394834
1871691626,Cvs Pharmacy Inc,Mass Immunizer Roster Biller,TX,2018,56.0,240,3794,49487.95,14902.32,11347.76,11584.11,True,"[""Consumer Protection"",""False Claims Act"",""Health Care Fraud""]",https://www.justice.gov/opa/pr/justice-department-files-nationwide-lawsuit-alleging-cvs-knowingly-dispensed-controlled,206.19979166666664,47.282333333333334,15.808333333333334,0.2293034971139439,,,,
1871691626,Cvs Pharmacy Inc,Mass Immunizer Roster Biller,TX,2019,58.0,215,7648,50440.58,12204.24,8987.29,9202.77,True,"[""Consumer Protection"",""False Claims Act"",""Health Care Fraud""]",https://www.justice.gov/opa/pr/justice-department-files-nationwide-lawsuit-alleging-cvs-knowingly-dispensed-controlled,234.60734883720932,41.801348837209304,35.57209302325582,0.17817578624195043,-10.416666666666668,1.9249736552029428,-20.801197769427617,3.571428571428571
1871691626,Cvs Pharmacy Inc,Clinical Laboratory,TX,2020,44.0,207,14648,62129.82,17448.66,13158.0,13086.64,True,"[""Consumer Protection"",""False Claims Act"",""Health Care Fraud""]",https://www.justice.gov/opa/pr/justice-department-files-nationwide-lawsuit-alleging-cvs-knowingly-dispensed-controlled,300.1440579710145,63.56521739130435,70.76328502415458,0.21178236151336025,-3.7209302325581395,23.17427753606322,46.40675887837155,-24.137931034482758
1871691626,Cvs Pharmacy Inc,Mass Immunizer Roster Biller,TX,2021,44.0,220,18066,54787.95,10418.05,8131.55,8091.77,True,"[""Consumer Protection"",""False Claims Act"",""Health Care Fraud""]",https://www.justice.gov/opa/pr/justice-department-files-nationwide-lawsuit-alleging-cvs-knowingly-dispensed-controlled,249.03613636363636,36.96159090909091,82.11818181818182,0.14841858474354308,6.280193236714976,-11.816982569722564,-38.200714394284844,0.0
1871691626,Cvs Pharmacy Inc,Mass Immunizer Roster Biller,TX,2022,38.0,124,6352,30346.97,5740.51,3961.72,3921.24,True,"[""Consumer Protection"",""False Claims Act"",""Health Care Fraud""]",https://www.justice.gov/opa/pr/justice-department-files-nationwide-lawsuit-alleging-cvs-knowingly-dispensed-controlled,244.73362903225808,31.949354838709677,51.225806451612904,0.13054746487046318,-43.63636363636363,-44.610137813150516,-51.27964533207076,-13.636363636363635
1922615830,"Southeast Orthopedic Specialists, Inc.",Orthopedic Surgery,FL,2021,45.0,46,49,57285.09,19890.86,15912.68,13334.88,True,"[""False Claims Act"",""Health Care Fraud""]",https://www.justice.gov/usao-mdfl/pr/former-jacksonville-chief-financial-officer-resolves-healthcare-fraud-allegations,1245.3280434782607,345.92782608695654,1.065217391304348,0.2777804835429254,,,,
1922615830,"Southeast Orthopedic Specialists, Llc",Orthopedic Surgery,FL,2022,72.0,73,73,46384.92,16743.82,12812.09,11855.32,True,"[""False Claims Act"",""Health Care Fraud""]",https://www.justice.gov/usao-mdfl/pr/former-jacksonville-chief-financial-officer-resolves-healthcare-fraud-allegations,635.4098630136986,175.50808219178083,1.0,0.27621239833980527,58.69565217391305,-19.02793554134243,-19.48502703504375,60.0
1932332764,Medtech,Other Medical Supply Company,CT,2018,392.0,1283,1512,253107.85,211344.67,160469.14,163185.1,True,"[""False Claims Act"",""Health Care Fraud""]",https://www.justice.gov/usao-ct/pr/connecticut-medical-equipment-supplier-pays-467k-settle-allegations-under-false-claims,197.27813717848792,125.07337490257211,1.1784879189399844,0.6339951131503824,,,,
1932332764,Medtech,Other Medical Supply Company,CT,2019,120.0,191,238,72534.67,67146.16,51338.04,52154.6,True,"[""False Claims Act"",""Health Care Fraud""]",https://www.justice.gov/usao-ct/pr/connecticut-medical-equipment-supplier-pays-467k-settle-allegations-under-false-claims,379.76267015706804,268.7855497382199,1.2460732984293195,0.7077724348921696,-85.11301636788777,-71.34238625945422,-68.00753091840586,-69.38775510204081
1962932566,"Avondale Hme, Inc.",Other Medical Supply Company,CA,2018,6385.0,12264,22948,16466903.36,13678133.35,10617199.6,10436242.34,True,,,1342.7024918460534,865.7207762557077,1.871167645140248,0.6447599386409467,,,,
1962932566,"Avondale Hme, Inc.",Other Medical Supply Company,CA,2019,5781.0,9627,16575,11299235.9,9339456.05,7014531.42,6949003.19,True,,,1173.702700737509,728.6310813337489,1.7217201620442506,0.6207969708818982,-21.501956947162427,-31.382144821186337,-33.932376857641444,-9.459671104150353
1972043149,Discovery Medical Supply Inc,Other Medical Supply Company,FL,2018,4930.0,9588,18633,13385361.87,10781510.28,8371604.29,8253302.47,True,,,1396.0535951188986,873.1335304547351,1.9433667083854818,0.6254298069268411,,,,
1972043149,Discovery Medical Supply Inc,Other Medical Supply Company,FL,2019,3632.0,8426,16371,10902896.98,9161541.03,6992472.97,6875754.17,True,,,1293.9588155708523,829.8686173747923,1.9429147875623072,0.6413408273807242,-12.119315811430956,-18.54611712488576,-16.47391912261539,-26.328600405679513
1982102414,Campbell Medical Group Pllc,General Practice,TX,2019,40.0,43,44,63550.0,35721.41,28005.46,28415.19,True,"[""Health Care Fraud""]",https://www.justice.gov/usao-ndca/pr/saratoga-orthopedic-surgeon-sentenced-year-prison-providing-false-billing-statement,1477.906976744186,651.2897674418605,1.0232558139534884,0.4406838709677419,,,,
1982102414,Campbell Medical Group Pllc,General Practice,TX,2020,54.0,57,57,108282.0,52506.15,41475.24,40474.57,True,"[""Health Care Fraud""]",https://www.justice.gov/usao-ndca/pr/saratoga-orthopedic-surgeon-sentenced-year-prison-providing-false-billing-statement,1899.6842105263158,727.6357894736842,1.0,0.3830298664597994,32.55813953488372,70.38867033831629,48.096978232101876,35.0
1982141388,"Rego Medical Supply, Inc",Other Medical Supply Company,NY,2018,9525.0,17226,22844,22561377.72,16243013.04,12507640.18,12178931.41,True,,,1309.7281853012887,726.0908034366655,1.326134912341809,0.5543828189584514,,,,
1982141388,"Rego Medical Supply, Inc",Other Medical Supply Company,NY,2019,1404.0,2511,3235,3212787.56,2366474.62,1741357.14,1695311.13,True,,,1279.48528872959,693.4914934289127,1.288331342094783,0.5420081805844641,-85.42319749216301,-85.75979002757461,-86.07765241932312,-85.25984251968504
1982955613,Lucky Care Pharmacy Inc.,Pharmacy,NY,2018,121.0,257,563,43058.16,38300.74,29734.66,29489.22,True,"[""Health Care Fraud""]",https://www.justice.gov/opa/pr/pharmacist-charged-4-million-health-care-fraud-and-kickback-scheme,167.5414785992218,115.69906614785992,2.190661478599222,0.690569685281489,,,,
1982955613,Lucky Care Pharmacy Inc.,Pharmacy,NY,2019,71.0,135,402,20222.01,17478.58,13305.57,13696.93,True,"[""Health Care Fraud""]",https://www.justice.gov/opa/pr/pharmacist-charged-4-million-health-care-fraud-and-kickback-scheme,149.79266666666666,98.55977777777778,2.977777777777778,0.6579746523713519,-47.47081712062256,-53.03559185994015,-55.25232170134113,-41.32231404958678
1982955613,Lucky Care Pharmacy Inc.,Pharmacy,NY,2020,16.0,31,48,2856.39,1223.92,663.93,730.91,True,"[""Health Care Fraud""]",https://www.justice.gov/opa/pr/pharmacist-charged-4-million-health-care-fraud-and-kickback-scheme,92.1416129032258,21.417096774193546,1.5483870967741935,0.23243674708285633,-77.03703703703704,-85.87484626899106,-95.01013485329828,-77.46478873239437
1992940407,Midwest Neurosurgeons Llc,General Practice,MO,2018,38.0,41,41,38048.0,25402.87,19715.21,19427.26,True,"[""False Claims Act"",""Health Care Fraud""]",https://www.justice.gov/opa/pr/justice-department-settles-lawsuit-against-neurosurgeon-and-his-fianc-e-alleging-receipt,928.0,480.85878048780484,1.0,0.5181667893187553,,,,
